Workbook

Sheet Appendix 1.1
A1: Actual average weekly orders (rounded) in unit drives 1999
A3: Month | B3: Consumer | C3: PC | D3: Professional | E3: Total
A4: Jan | B4: 5500 | C4: 7950 | D4: 2750 | E4: 16200
A5: Feb | B5: 5190 | C5: 7560 | D5: 2650 | E5: 15400
A6: Mar | B6: 5950 | C6: 8800 | D6: 3050 | E6: 17800
A7: Apr | B7: 7100 | C7: 10400 | D7: 3500 | E7: 21000
A8: May | B8: 5500 | C8: 8300 | D8: 2700 | E8: 16500
A9: Jun | B9: 5050 | C9: 7250 | D9: 2500 | E9: 14800
A10: Jul | B10: 4900 | C10: 7190 | D10: 2410 | E10: 14500
A11: Aug | B11: 4750 | C11: 7050 | D11: 2350 | E11: 14150
A12: Sep | B12: 5050 | C12: 7550 | D12: 2550 | E12: 15 150
A13: Oct | B13: 5600 | C13: 7750 | D13: 2700 | E13: 16050
A14: Nov | B14: 5150 | C14: 8800 | D14: 2600 | E14: 16550
A15: Dec | B15: 7550 | C15: 12 150 | D15: 3800 | E15: 23 500

Sheet Appendix 1.2
A1: Forecast and actual factory loading in standard hours/week | B1: 1999 | C1: Sales/Prodn meetings at… | D1: 19.1.99
C2: Jan | D2: 14500 (14850) | E2: 30.1.99
C3: Feb | D3: 15050 | E3: 14000 (14500) | F3: 27.2.99
C4: Mar | D4: 15900 | E4: 16500 | F4: 16000 (16150) | G4: 2.4.99
C5: Apr | D5: 20500 | E5: 20000 | F5: 19200 | G5: 18900 (19200) | H5: 30.4.99
D6: May | E6: 17050 | F6: 16600 | G6: 15900 | H6: 15100 (15400) | I6: 9.6.99
E7: Jun | F7: 14300 | G7: 14100 | H7: 13500 | I7: 13600 (13600) | J7: 24.6.99
F8: Jul | G8: 15000 | H8: 13500 | I8: 13200 | J8: 13100 (13300) | K8: 29.7.99
G9: Aug | H9: 13100 | I9: 13000 | J9: 12700 | K9: 13100 (13000) | L9: 3.9.99
H10: Sep | I10: 14200 | J10: 14000 | K10: 14000 | L10: 13900 (13900) | M10: 7.10.99
I11: Oct | J11: 14800 | K11: 15100 | L11: 15500 | M11: 14900 (14700) | N11: 4.11.99
J12: Nov | K12: 16300 | L12: 15200 | M12: 15100 | N12: 15100 (15150) | O12: 2.12.99
K13: Dec | L13: 18700 | M13: 19000 | N13: 19900 | O13: 20100 (21500)

Sheet Appendix 1.3
A1: Average weekly sales forecast for 2000 in unit drives (as of January 2000)
A2: Average weekly sales forecast for 2000 in unit drives (as of January 2000)
A3: Month | B3: Consumer | C3: PC | D3: Professional | E3: Total
A4: Jan | B4: 5960 | C4: 8940 | D4: 2980 | E4: 17800
A5: Feb | B5: 6090 | C5: 9550 | D5: 3220 | E5: 18860
A6: Mar | B6: 6030 | C6: 9510 | D6: 3160 | E6: 18700
A7: Apr | B7: 6540 | C7: 9770 | D7: 3290 | E7: 19600
A8: May | B8: 5800 | C8: 8450 | D8: 2900 | E8: 17150
A9: Jun | B9: 5000 | C9: 7500 | D9: 2500 | E9: 15000
A10: Jul | B10: 5000 | C10: 7500 | D10: 2500 | E10: 15000
A11: Aug | B11: 5000 | C11: 7500 | D11: 2500 | E11: 15000
A12: Sep | B12: 5000 | C12: 8000 | D12: 2500 | E12: 15500
A13: Oct | B13: 5500 | C13: 8200 | D13: 2800 | E13: 16500
A14: Nov | B14: 5600 | C14: 8500 | D14: 2900 | E14: 17000
A15: Dec | B15: 8000 | C15: 12000 | D15: 4000 | E15: 24000

Sheet Appendix 1.5
A1: 2000 Volume planning (all figures are in unit drives)
D3: Forecast
A4: Month | B4: Production weeks | C4: Sales weeks | D4: Average weekly demand | E4: Total months' demand | F4: Cumulative demand
A5: Jan | B5: 4 | C5: 4 | D5: 17880 | E5: 71520 | F5: 71520
A6: Feb | B6: 3 | C6: 4 | D6: 18860 | E6: 75440 | F6: 146960
A7: Mar | B7: 4 | C7: 5 | D7: 18700 | E7: 93500 | F7: 240460
A8: Apr | B8: 4 | C8: 4 | D8: 19600 | E8: 78400 | F8: 318860
A9: May | B9: 5 | C9: 5 | D9: 17150 | E9: 85750 | F9: 404610
A10: Jun | B10: 4 | C10: 4 | D10: 15000 | E10: 60000 | F10: 464610
A11: Jul | B11: 3 | C11: 4 | D11: 15000 | E11: 60000 | F11: 524610
A12: Aug | B12: 3 | C12: 5 | D12: 15000 | E12: 75000 | F12: 599610
A13: Sep | B13: 4 | C13: 4 | D13: 15500 | E13: 62000 | F13: 661610
A14: Oct | B14: 5 | C14: 5 | D14: 16500 | E14: 82500 | F14: 744110
A15: Nov | B15: 4 | C15: 4 | D15: 17000 | E15: 68000 | F15: 812110
A16: Dec | B16: 4 | C16: 4 | D16: 24000 | E16: 96000 | F16: 908110

Sheet Inputs and Assumptions
B1: Given Facts
B2: Weekly Capacity (5 days) | C2: 16500
B3: Inventory Holding Cost | C3: 0.2
B4: Overtime Cost (Weekdays and Saturday) | C4: 1.5
B5: Overtime Cost (Sunday) | C5: 2
B6: Subcontracting Cost | C6: 1.25
B7: Warehouse Capacity | C7: 20000
B9: Assumptions
B10: Opening Inventory | C10: 0

Sheet Demand
B2: Month | C2: Sales weeks | D2: Production weeks | E2: Average weekly demand | F2: Total Demand
B3: Jan | C3: 4 | D3: 4 | E3: 17880 | F3: =E3*C3 -> 71520
B4: Feb | C4: 4 | D4: 3 | E4: 18860 | F4: =E4*C4 -> 75440
B5: Mar | C5: 5 | D5: 4 | E5: 18700 | F5: =E5*C5 -> 93500
B6: Apr | C6: 4 | D6: 4 | E6: 19600 | F6: =E6*C6 -> 78400
B7: May | C7: 5 | D7: 5 | E7: 17150 | F7: =E7*C7 -> 85750
B8: Jun | C8: 4 | D8: 4 | E8: 15000 | F8: =E8*C8 -> 60000
B9: Jul | C9: 4 | D9: 3 | E9: 15000 | F9: =E9*C9 -> 60000
B10: Aug | C10: 5 | D10: 3 | E10: 15000 | F10: =E10*C10 -> 75000
B11: Sep | C11: 4 | D11: 4 | E11: 15500 | F11: =E11*C11 -> 62000
B12: Oct | C12: 5 | D12: 5 | E12: 16500 | F12: =E12*C12 -> 82500
B13: Nov | C13: 4 | D13: 4 | E13: 17000 | F13: =E13*C13 -> 68000
B14: Dec | C14: 4 | D14: 4 | E14: 24000 | F14: =E14*C14 -> 96000

Sheet Capacity Gap
B2: Month | C2: Sales weeks | D2: Production weeks | E2: Base Weekly Production | F2: Total Montly Production | G2: Average weekly demand | H2: Total Monthly Demand | I2: Total Montly Gap
B3: Jan | C3: 4 | D3: 4 | E3: ='Inputs and Assumptions'!$C$2 -> 16500 | F3: =E3*D3 -> 66000 | G3: 17880 | H3: =G3*C3 -> 71520 | I3: =F3-H3 -> -5520 | J3: =IF(I3<0,"Shortfall","Excess") -> Shortfall
B4: Feb | C4: 4 | D4: 3 | E4: ='Inputs and Assumptions'!$C$2 -> 16500 | F4: =E4*D4 -> 49500 | G4: 18860 | H4: =G4*C4 -> 75440 | I4: =F4-H4 -> -25940 | J4: =IF(I4<0,"Shortfall","Excess") -> Shortfall
B5: Mar | C5: 5 | D5: 4 | E5: ='Inputs and Assumptions'!$C$2 -> 16500 | F5: =E5*D5 -> 66000 | G5: 18700 | H5: =G5*C5 -> 93500 | I5: =F5-H5 -> -27500 | J5: =IF(I5<0,"Shortfall","Excess") -> Shortfall
B6: Apr | C6: 4 | D6: 4 | E6: ='Inputs and Assumptions'!$C$2 -> 16500 | F6: =E6*D6 -> 66000 | G6: 19600 | H6: =G6*C6 -> 78400 | I6: =F6-H6 -> -12400 | J6: =IF(I6<0,"Shortfall","Excess") -> Shortfall
B7: May | C7: 5 | D7: 5 | E7: ='Inputs and Assumptions'!$C$2 -> 16500 | F7: =E7*D7 -> 82500 | G7: 17150 | H7: =G7*C7 -> 85750 | I7: =F7-H7 -> -3250 | J7: =IF(I7<0,"Shortfall","Excess") -> Shortfall
B8: Jun | C8: 4 | D8: 4 | E8: ='Inputs and Assumptions'!$C$2 -> 16500 | F8: =E8*D8 -> 66000 | G8: 15000 | H8: =G8*C8 -> 60000 | I8: =F8-H8 -> 6000 | J8: =IF(I8<0,"Shortfall","Excess") -> Excess
B9: Jul | C9: 4 | D9: 3 | E9: ='Inputs and Assumptions'!$C$2 -> 16500 | F9: =E9*D9 -> 49500 | G9: 15000 | H9: =G9*C9 -> 60000 | I9: =F9-H9 -> -10500 | J9: =IF(I9<0,"Shortfall","Excess") -> Shortfall
B10: Aug | C10: 5 | D10: 3 | E10: ='Inputs and Assumptions'!$C$2 -> 16500 | F10: =E10*D10 -> 49500 | G10: 15000 | H10: =G10*C10 -> 75000 | I10: =F10-H10 -> -25500 | J10: =IF(I10<0,"Shortfall","Excess") -> Shortfall
B11: Sep | C11: 4 | D11: 4 | E11: ='Inputs and Assumptions'!$C$2 -> 16500 | F11: =E11*D11 -> 66000 | G11: 15500 | H11: =G11*C11 -> 62000 | I11: =F11-H11 -> 4000 | J11: =IF(I11<0,"Shortfall","Excess") -> Excess
B12: Oct | C12: 5 | D12: 5 | E12: ='Inputs and Assumptions'!$C$2 -> 16500 | F12: =E12*D12 -> 82500 | G12: 16500 | H12: =G12*C12 -> 82500 | I12: =F12-H12 -> 0 | J12: =IF(I12<0,"Shortfall","Excess") -> Excess
B13: Nov | C13: 4 | D13: 4 | E13: ='Inputs and Assumptions'!$C$2 -> 16500 | F13: =E13*D13 -> 66000 | G13: 17000 | H13: =G13*C13 -> 68000 | I13: =F13-H13 -> -2000 | J13: =IF(I13<0,"Shortfall","Excess") -> Shortfall
B14: Dec | C14: 4 | D14: 4 | E14: ='Inputs and Assumptions'!$C$2 -> 16500 | F14: =E14*D14 -> 66000 | G14: 24000 | H14: =G14*C14 -> 96000 | I14: =F14-H14 -> -30000 | J14: =IF(I14<0,"Shortfall","Excess") -> Shortfall

Sheet Inventory
B2: Month | C2: Opening Inventory | D2: Base Montly Production | E2: Total Montly Demand | F2: Inventory Increase/Decrease | G2: Closing Inventory | H2: Warehouse Capacity Check
B3: Jan | C3: ='Inputs and Assumptions'!$C$10 -> 0 | D3: ='Capacity Gap'!F3 -> 66000 | E3: ='Capacity Gap'!H3 -> 71520 | F3: =D3-E3 -> -5520 | G3: =C3+F3 -> -5520 | H3: =IF(G3>20000,"Exceeds","OK") -> OK
B4: Feb | C4: =G3 -> -5520 | D4: ='Capacity Gap'!F4 -> 49500 | E4: ='Capacity Gap'!H4 -> 75440 | F4: =D4-E4 -> -25940 | G4: =C4+F4 -> -31460 | H4: =IF(G4>20000,"Exceeds","OK") -> OK
B5: Mar | C5: =G4 -> -31460 | D5: ='Capacity Gap'!F5 -> 66000 | E5: ='Capacity Gap'!H5 -> 93500 | F5: =D5-E5 -> -27500 | G5: =C5+F5 -> -58960 | H5: =IF(G5>20000,"Exceeds","OK") -> OK
B6: Apr | C6: =G5 -> -58960 | D6: ='Capacity Gap'!F6 -> 66000 | E6: ='Capacity Gap'!H6 -> 78400 | F6: =D6-E6 -> -12400 | G6: =C6+F6 -> -71360 | H6: =IF(G6>20000,"Exceeds","OK") -> OK
B7: May | C7: =G6 -> -71360 | D7: ='Capacity Gap'!F7 -> 82500 | E7: ='Capacity Gap'!H7 -> 85750 | F7: =D7-E7 -> -3250 | G7: =C7+F7 -> -74610 | H7: =IF(G7>20000,"Exceeds","OK") -> OK
B8: Jun | C8: =G7 -> -74610 | D8: ='Capacity Gap'!F8 -> 66000 | E8: ='Capacity Gap'!H8 -> 60000 | F8: =D8-E8 -> 6000 | G8: =C8+F8 -> -68610 | H8: =IF(G8>20000,"Exceeds","OK") -> OK
B9: Jul | C9: =G8 -> -68610 | D9: ='Capacity Gap'!F9 -> 49500 | E9: ='Capacity Gap'!H9 -> 60000 | F9: =D9-E9 -> -10500 | G9: =C9+F9 -> -79110 | H9: =IF(G9>20000,"Exceeds","OK") -> OK
B10: Aug | C10: =G9 -> -79110 | D10: ='Capacity Gap'!F10 -> 49500 | E10: ='Capacity Gap'!H10 -> 75000 | F10: =D10-E10 -> -25500 | G10: =C10+F10 -> -104610 | H10: =IF(G10>20000,"Exceeds","OK") -> OK
B11: Sep | C11: =G10 -> -104610 | D11: ='Capacity Gap'!F11 -> 66000 | E11: ='Capacity Gap'!H11 -> 62000 | F11: =D11-E11 -> 4000 | G11: =C11+F11 -> -100610 | H11: =IF(G11>20000,"Exceeds","OK") -> OK
B12: Oct | C12: =G11 -> -100610 | D12: ='Capacity Gap'!F12 -> 82500 | E12: ='Capacity Gap'!H12 -> 82500 | F12: =D12-E12 -> 0 | G12: =C12+F12 -> -100610 | H12: =IF(G12>20000,"Exceeds","OK") -> OK
B13: Nov | C13: =G12 -> -100610 | D13: ='Capacity Gap'!F13 -> 66000 | E13: ='Capacity Gap'!H13 -> 68000 | F13: =D13-E13 -> -2000 | G13: =C13+F13 -> -102610 | H13: =IF(G13>20000,"Exceeds","OK") -> OK
B14: Dec | C14: =G13 -> -102610 | D14: ='Capacity Gap'!F14 -> 66000 | E14: ='Capacity Gap'!H14 -> 96000 | F14: =D14-E14 -> -30000 | G14: =C14+F14 -> -132610 | H14: =IF(G14>20000,"Exceeds","OK") -> OK

Sheet Overtime Model
B2: Month | C2: Unmet Demand | D2: Production Weeks | E2: Max Overtime Capacity in hrs (Weekly OT capacity*Production Weeks) | H2: Max OT Capacity(W/o Sunday) | I2: Max OT Capacity(With Sunday) | J2: Overtime Units used(W/o Sunday) | K2: Overtime Units used(With Sunday) | L2: Remaining Unmet Demand(W/o Sunday) | M2: Remaining Unmet Demand (With Sunday) | N2: Overtime Capacity Calculation
E3: Weekday | F3: Saturday | G3: Sunday
B4: Jan | C4: =IF(Inventory!F3<0,ABS(Inventory!G3),0) -> 5520 | D4: 4 | E4: =D4*10*$O$11 -> 16500 | F4: =D4*8*$O$11 -> 13200 | G4: =D4*8*$O$11 -> 13200 | H4: =SUM(E4:F4) -> 29700 | I4: =H4+G4 -> 42900 | J4: =MIN(C4,H4) -> 5520 | K4: =MIN(C4,I4) -> 5520 | L4: =C4-J4 -> 0 | M4: =C4-K4 -> 0 | N4: Weekday | O4: 10 | P4: hrs/week
B5: Feb | C5: =IF(Inventory!F4<0,ABS(Inventory!G4),0) -> 31460 | D5: 3 | E5: =D5*10*$O$11 -> 12375 | F5: =D5*8*$O$11 -> 9900 | G5: =D5*8*$O$11 -> 9900 | H5: =SUM(E5:F5) -> 22275 | I5: =H5+G5 -> 32175 | J5: =MIN(C5,H5) -> 22275 | K5: =MIN(C5,I5) -> 31460 | L5: =C5-J5 -> 9185 | M5: =C5-K5 -> 0 | N5: Saturday | O5: 8 | P5: hrs/day
B6: Mar | C6: =IF(Inventory!F5<0,ABS(Inventory!G5),0) -> 58960 | D6: 4 | E6: =D6*10*$O$11 -> 16500 | F6: =D6*8*$O$11 -> 13200 | G6: =D6*8*$O$11 -> 13200 | H6: =SUM(E6:F6) -> 29700 | I6: =H6+G6 -> 42900 | J6: =MIN(C6,H6) -> 29700 | K6: =MIN(C6,I6) -> 42900 | L6: =C6-J6 -> 29260 | M6: =C6-K6 -> 16060 | N6: Sunday | O6: 8 | P6: hrs/day
B7: Apr | C7: =IF(Inventory!F6<0,ABS(Inventory!G6),0) -> 71360 | D7: 4 | E7: =D7*10*$O$11 -> 16500 | F7: =D7*8*$O$11 -> 13200 | G7: =D7*8*$O$11 -> 13200 | H7: =SUM(E7:F7) -> 29700 | I7: =H7+G7 -> 42900 | J7: =MIN(C7,H7) -> 29700 | K7: =MIN(C7,I7) -> 42900 | L7: =C7-J7 -> 41660 | M7: =C7-K7 -> 28460
B8: May | C8: =IF(Inventory!F7<0,ABS(Inventory!G7),0) -> 74610 | D8: 5 | E8: =D8*10*$O$11 -> 20625 | F8: =D8*8*$O$11 -> 16500 | G8: =D8*8*$O$11 -> 16500 | H8: =SUM(E8:F8) -> 37125 | I8: =H8+G8 -> 53625 | J8: =MIN(C8,H8) -> 37125 | K8: =MIN(C8,I8) -> 53625 | L8: =C8-J8 -> 37485 | M8: =C8-K8 -> 20985 | N8: Total Weekly OT | O8: =SUM(O4:O6) -> 26
B9: Jun | C9: =IF(Inventory!F8<0,ABS(Inventory!G8),0) -> 0 | D9: 4 | E9: =D9*10*$O$11 -> 16500 | F9: =D9*8*$O$11 -> 13200 | G9: =D9*8*$O$11 -> 13200 | H9: =SUM(E9:F9) -> 29700 | I9: =H9+G9 -> 42900 | J9: =MIN(C9,H9) -> 0 | K9: =MIN(C9,I9) -> 0 | L9: =C9-J9 -> 0 | M9: =C9-K9 -> 0
B10: Jul | C10: =IF(Inventory!F9<0,ABS(Inventory!G9),0) -> 79110 | D10: 3 | E10: =D10*10*$O$11 -> 12375 | F10: =D10*8*$O$11 -> 9900 | G10: =D10*8*$O$11 -> 9900 | H10: =SUM(E10:F10) -> 22275 | I10: =H10+G10 -> 32175 | J10: =MIN(C10,H10) -> 22275 | K10: =MIN(C10,I10) -> 32175 | L10: =C10-J10 -> 56835 | M10: =C10-K10 -> 46935 | N10: Daily Production (8 hrs) | O10: =16500/5 -> 3300
B11: Aug | C11: =IF(Inventory!F10<0,ABS(Inventory!G10),0) -> 104610 | D11: 3 | E11: =D11*10*$O$11 -> 12375 | F11: =D11*8*$O$11 -> 9900 | G11: =D11*8*$O$11 -> 9900 | H11: =SUM(E11:F11) -> 22275 | I11: =H11+G11 -> 32175 | J11: =MIN(C11,H11) -> 22275 | K11: =MIN(C11,I11) -> 32175 | L11: =C11-J11 -> 82335 | M11: =C11-K11 -> 72435 | N11: Hourly Production | O11: =O10/8 -> 412.5
B12: Sep | C12: =IF(Inventory!F11<0,ABS(Inventory!G11),0) -> 0 | D12: 4 | E12: =D12*10*$O$11 -> 16500 | F12: =D12*8*$O$11 -> 13200 | G12: =D12*8*$O$11 -> 13200 | H12: =SUM(E12:F12) -> 29700 | I12: =H12+G12 -> 42900 | J12: =MIN(C12,H12) -> 0 | K12: =MIN(C12,I12) -> 0 | L12: =C12-J12 -> 0 | M12: =C12-K12 -> 0
B13: Oct | C13: =IF(Inventory!F12<0,ABS(Inventory!G12),0) -> 0 | D13: 5 | E13: =D13*10*$O$11 -> 20625 | F13: =D13*8*$O$11 -> 16500 | G13: =D13*8*$O$11 -> 16500 | H13: =SUM(E13:F13) -> 37125 | I13: =H13+G13 -> 53625 | J13: =MIN(C13,H13) -> 0 | K13: =MIN(C13,I13) -> 0 | L13: =C13-J13 -> 0 | M13: =C13-K13 -> 0
B14: Nov | C14: =IF(Inventory!F13<0,ABS(Inventory!G13),0) -> 102610 | D14: 4 | E14: =D14*10*$O$11 -> 16500 | F14: =D14*8*$O$11 -> 13200 | G14: =D14*8*$O$11 -> 13200 | H14: =SUM(E14:F14) -> 29700 | I14: =H14+G14 -> 42900 | J14: =MIN(C14,H14) -> 29700 | K14: =MIN(C14,I14) -> 42900 | L14: =C14-J14 -> 72910 | M14: =C14-K14 -> 59710
B15: Dec | C15: =IF(Inventory!F14<0,ABS(Inventory!G14),0) -> 132610 | D15: 4 | E15: =D15*10*$O$11 -> 16500 | F15: =D15*8*$O$11 -> 13200 | G15: =D15*8*$O$11 -> 13200 | H15: =SUM(E15:F15) -> 29700 | I15: =H15+G15 -> 42900 | J15: =MIN(C15,H15) -> 29700 | K15: =MIN(C15,I15) -> 42900 | L15: =C15-J15 -> 102910 | M15: =C15-K15 -> 89710
J16: =SUM(J2:J15) -> 228270 | K16: =SUM(K4:K15) -> 326555

Sheet Subcontracting 
B2: Month | C2: Remaining Unmet Demand(W/o Sunday) | D2: Remaining Unmet Demand(With Sunday) | E2: Subcontracted Cost | G2: Unmet Demand
B3: Jan | C3: ='Overtime Model'!L4 -> 0 | D3: ='Overtime Model'!M4 -> 0 | E3: =C3 -> 0 | F3: =D3 -> 0 | G3: =C3-E3 -> 0
B4: Feb | C4: ='Overtime Model'!L5 -> 9185 | D4: ='Overtime Model'!M5 -> 0 | E4: =C4 -> 9185 | F4: =D4 -> 0 | G4: =C4-E4 -> 0
B5: Mar | C5: ='Overtime Model'!L6 -> 29260 | D5: ='Overtime Model'!M6 -> 16060 | E5: =C5 -> 29260 | F5: =D5 -> 16060 | G5: =C5-E5 -> 0
B6: Apr | C6: ='Overtime Model'!L7 -> 41660 | D6: ='Overtime Model'!M7 -> 28460 | E6: =C6 -> 41660 | F6: =D6 -> 28460 | G6: =C6-E6 -> 0
B7: May | C7: ='Overtime Model'!L8 -> 37485 | D7: ='Overtime Model'!M8 -> 20985 | E7: =C7 -> 37485 | F7: =D7 -> 20985 | G7: =C7-E7 -> 0
B8: Jun | C8: ='Overtime Model'!L9 -> 0 | D8: ='Overtime Model'!M9 -> 0 | E8: =C8 -> 0 | F8: =D8 -> 0 | G8: =C8-E8 -> 0
B9: Jul | C9: ='Overtime Model'!L10 -> 56835 | D9: ='Overtime Model'!M10 -> 46935 | E9: =C9 -> 56835 | F9: =D9 -> 46935 | G9: =C9-E9 -> 0
B10: Aug | C10: ='Overtime Model'!L11 -> 82335 | D10: ='Overtime Model'!M11 -> 72435 | E10: =C10 -> 82335 | F10: =D10 -> 72435 | G10: =C10-E10 -> 0
B11: Sep | C11: ='Overtime Model'!L12 -> 0 | D11: ='Overtime Model'!M12 -> 0 | E11: =C11 -> 0 | F11: =D11 -> 0 | G11: =C11-E11 -> 0
B12: Oct | C12: ='Overtime Model'!L13 -> 0 | D12: ='Overtime Model'!M13 -> 0 | E12: =C12 -> 0 | F12: =D12 -> 0 | G12: =C12-E12 -> 0
B13: Nov | C13: ='Overtime Model'!L14 -> 72910 | D13: ='Overtime Model'!M14 -> 59710 | E13: =C13 -> 72910 | F13: =D13 -> 59710 | G13: =C13-E13 -> 0
B14: Dec | C14: ='Overtime Model'!L15 -> 102910 | D14: ='Overtime Model'!M15 -> 89710 | E14: =C14 -> 102910 | F14: =D14 -> 89710 | G14: =C14-E14 -> 0
E15: =SUM(E2:E14) -> 432580 | F15: =SUM(F3:F14) -> 334295

Sheet Total Cost
C1: Without Sunday | D1: With Sunday
B2: Overtime Cost | C2: ='Overtime Model'!J16*1.5 -> 342405 | D2: =C2+('Overtime Model'!K16-'Overtime Model'!J16)*2 -> 538975
B4: Subcontracting Cost | C4: ='Subcontracting '!E15*1.25 -> 540725 | D4: ='Subcontracting '!F15*1.25 -> 417868.75
B6: Total Cost | C6: =C4+C2 -> 883130 | D6: =D4+D2 -> 956843.75 | E6: =D6-C6 -> 73713.75
